<StardustParticleSystem version="2.1">
  <actions>
    <Age name="Age_25" active="true" multiplier="1"/>
    <ColorGradient name="ColorGradient_13" active="true" colors="16772735,16764747,15615744,0,0,0" ratios="0,36,82,152,227,255" alphas="0.3,0.2,0.4,0.8,0.9,0.2"/>
    <DeathLife name="DeathLife_25" active="true"/>
    <Move name="Move_25" active="true" multiplier="1"/>
    <NormalDrift name="NormalDrift_2" active="true" massless="true" max="0.2" random="UniformRandom_584"/>
    <Spin name="Spin_9" active="true" multiplier="1"/>
  </actions>
  <initializers>
    <Alpha name="Alpha_25" active="true" random="UniformRandom_585"/>
    <Life name="Life_25" active="true" random="UniformRandom_580"/>
    <Mass name="Mass_25" active="true" random="UniformRandom_588"/>
    <Omega name="Omega_25" active="true" random="UniformRandom_581"/>
    <PositionAnimated name="PositionAnimated_25" active="true" inheritVelocity="false">
      <zones>
        <Line name="Line_11"/>
      </zones>
    </PositionAnimated>
    <Rotation name="Rotation_25" active="true" random="UniformRandom_587"/>
    <Scale name="Scale_25" active="true" random="UniformRandom_586"/>
    <Velocity name="Velocity_25" active="true">
      <zones>
        <RectZone name="RectZone_34"/>
      </zones>
    </Velocity>
  </initializers>
  <emitters>
    <Emitter2D name="0" active="true" clock="SteadyClock_33" particleHandler="StarlingHandler_25" fps="60">
      <actions>
        <DeathLife name="DeathLife_25"/>
        <Age name="Age_25"/>
        <NormalDrift name="NormalDrift_2"/>
        <ColorGradient name="ColorGradient_13"/>
        <Move name="Move_25"/>
        <Spin name="Spin_9"/>
      </actions>
      <initializers>
        <Life name="Life_25"/>
        <Velocity name="Velocity_25"/>
        <PositionAnimated name="PositionAnimated_25"/>
        <Omega name="Omega_25"/>
        <Alpha name="Alpha_25"/>
        <Scale name="Scale_25"/>
        <Rotation name="Rotation_25"/>
        <Mass name="Mass_25"/>
      </initializers>
    </Emitter2D>
  </emitters>
  <zones>
    <Line name="Line_11" rotation="0" virtualThickness="1" x1="0" y1="100" x2="30" y2="100"/>
    <RectZone name="RectZone_34" rotation="0" x="0" y="-60" width="0" height="-120" randomX="UniformRandom_582" randomY="UniformRandom_583"/>
  </zones>
  <handlers>
    <StarlingHandler name="StarlingHandler_25" spriteSheetAnimationSpeed="0" spriteSheetStartAtRandomFrame="true" smoothing="false" blendMode="normal" premultiplyAlpha="false"/>
  </handlers>
  <clocks>
    <SteadyClock name="SteadyClock_33" ticksPerCall="36" initialDelay="UniformRandom_579"/>
  </clocks>
  <randoms>
    <UniformRandom name="UniformRandom_579" center="0" radius="0"/>
    <UniformRandom name="UniformRandom_580" center="1.83" radius="0.67"/>
    <UniformRandom name="UniformRandom_581" center="0" radius="180"/>
    <UniformRandom name="UniformRandom_582" center="0" radius="0"/>
    <UniformRandom name="UniformRandom_583" center="-60" radius="-60"/>
    <UniformRandom name="UniformRandom_584" center="0" radius="0.04"/>
    <UniformRandom name="UniformRandom_585" center="1" radius="0"/>
    <UniformRandom name="UniformRandom_586" center="1" radius="0"/>
    <UniformRandom name="UniformRandom_587" center="0" radius="0"/>
    <UniformRandom name="UniformRandom_588" center="1" radius="0"/>
  </randoms>
</StardustParticleSystem>